<?xml version="1.0" encoding="utf-8"?>
<includes>
    
    <include name="ShiftPosterCase">       
        <control type="image">
            <posx>23</posx>
            <posy>529</posy>
            <width>247</width>
            <height>363</height>
            <aspectratio aligny="top" scalediffuse="false">stretch</aspectratio>
            <texture background="true" flipy="true" diffuse="thumbs/thumb_diffuse.png">$VAR[PosterThumbVar]</texture>
            <animation effect="fade" start="100" end="30" time="160">Focus</animation>
            <animation effect="fade" start="30" end="100" time="160">UnFocus</animation>
        </control>		     
        <control type="image">
            <posx>-28</posx>
            <posy>105</posy>
            <width>318</width>
            <height>425</height>
            <fadetime>200</fadetime>
            <texture>thumbs/boxes/$VAR[ShiftCase_Var]</texture>
            <aspectratio scalediffuse="false">stretch</aspectratio>
        </control>
        <control type="image">
            <posx>-28</posx>
            <posy>502</posy>
            <width>318</width>
            <height>425</height>
            <aspectratio aligny="top" scalediffuse="false">stretch</aspectratio>
            <texture flipy="true" diffuse="thumbs/thumb_diffuse.png">thumbs/boxes/$VAR[ShiftCase_Var]</texture>
            <animation effect="fade" start="100" end="30" time="160">Focus</animation>
            <animation effect="fade" start="30" end="100" time="160">UnFocus</animation>
        </control>
	</include>
    
    <include name="PosterShiftCase">
        <control type="group">
			<include>ViewAnimation</include>
			<visible>Control.IsVisible(504) + !Window.IsActive(addoninformation)</visible>
            <control type="fixedlist" id="504">
                <viewtype label="ShiftCase">list</viewtype>
                <onleft>504</onleft>
                <onright>504</onright>
                <left>-110</left>
                <top>390</top>
                <height>620</height>
                <width>2045</width>
                <onup>SetProperty(MediaMenu,True,home)</onup>
				<onup>SetFocus(9050)</onup>
                <ondown>61</ondown>
                <orientation>horizontal</orientation>
                <focusposition>1</focusposition>
                <scrolltime tween="quadratic">200</scrolltime>
                <pagecontrol>61</pagecontrol>
                <preloaditems>2</preloaditems>               
                <visible>Container.Content(movies) | Container.Content(sets) | Container.Content(musicvideos)</visible>
                <itemlayout width="272" height="620">
                    <control type="image">
                        <posx>23</posx>
                        <posy>143</posy>
                        <width>248</width>
                        <height>363</height>
                        <texture background="true">$VAR[PosterThumbVar]</texture>
                        <aspectratio scalediffuse="false">stretch</aspectratio>
                    </control>
                    <control type="image">
                        <posx>200</posx>
                        <posy>141</posy>
                        <width>70</width>
                        <height>70</height>
                        <texture>$VAR[OverlayVar]</texture>
                        <aspectratio align="center" aligny="top">keep</aspectratio>
                        <bordersize>1</bordersize>
                    </control>
                    <include>ShiftPosterCase</include>
                </itemlayout>
                <focusedlayout width="272" height="620">
                    <control type="group">
                        <animation effect="zoom" center="auto" start="100" end="130" time="160" tween="quadratic">Focus</animation>
						<animation effect="zoom" center="auto" start="130" end="100" time="160" tween="quadratic">Unfocus</animation>
                        <control type="image">
                            <posx>23</posx>
                            <posy>143</posy>
                            <width>248</width>
                            <height>363</height>
                            <texture background="true">$VAR[PosterThumbVar]</texture>
                            <aspectratio scalediffuse="false">stretch</aspectratio>
                        </control>
                        <control type="image">
                            <posx>200</posx>
                            <posy>141</posy>
                            <width>70</width>
                            <height>70</height>
                            <texture>$VAR[OverlayVar]</texture>
                            <aspectratio align="center" aligny="top">keep</aspectratio>
                            <bordersize>1</bordersize>
                        </control>
                        <include>ShiftPosterCase</include>
                    </control>
                </focusedlayout>
            </control>
            <control type="scrollbar" id="61">
				<posx>0</posx>
				<posy>970</posy>
				<width>1920</width>
				<height>12</height>
				<onup>504</onup>
				<ondown>noop</ondown>
				<texturesliderbackground border="1">-</texturesliderbackground>
				<texturesliderbar border="6,0,6,0">scrollbar/texturesliderbar_hor.png</texturesliderbar>
				<texturesliderbarfocus border="6,0,6,0">scrollbar/texturesliderbarfocus_hor.png</texturesliderbarfocus>
				<textureslidernib>-</textureslidernib>
				<textureslidernibfocus>-</textureslidernibfocus>
				<showonepage>false</showonepage>
				<orientation>horizontal</orientation>
				<animation effect="fade" start="100" end="0" time="500" delay="500" condition="!Control.HasFocus(61) + !Container.Scrolling">Conditional</animation>
			</control>
		</control>
    </include>
    
    <variable name="ShiftCase_Var">
        <value condition="ListItem.IsStereoscopic">3d.png</value>
		<value condition="substring(ListItem.Path,videodb://movies/sets/,left) | [ListItem.IsFolder + IsEmpty(ListItem.VideoResolution) + !substring(container.folderpath,plugin://)]">p.png</value>
		<value condition="substring(container.folderpath,plugin://)">trailers.png</value>
        <value>$INFO[ListItem.VideoResolution]p.png</value>
    </variable>

</includes>