<?xml version="1.0" encoding="UTF-8"?>
<window>
	<defaultcontrol always="true">50</defaultcontrol>
	<allowoverlay>true</allowoverlay>
	<views>50,51,52,53,55,56,57,58,59,500,501,502,503,510,591</views>
	<menucontrol>9051</menucontrol>
	<onload>SetProperty(Window.HasSettings,True,home)</onload>
	<onload>ClearProperty(MediaMenu,Home)</onload>
	<onunload>ClearProperty(Window.HasSettings,Home)</onunload>
	<onload condition="System.HasAddon(script.tv.show.next.aired) + !Skin.HasSetting(Disable.NextAired)">RunScript(script.tv.show.next.aired,backend=True)</onload>
	<controls>
		<control type="label" id="4420">
			<label>$VAR[VideoInfoPanelVar]</label>
			<include>HiddenObject</include>
			<visible>Control.IsVisible(52) | Control.IsVisible(53)</visible>
			<include condition="!IsEmpty(Skin.String(InfoPanel.Delay))">InfoPanelDelayAnimation</include>
		</control>
		<include>CommonBackground</include>
		<control type="fadelabel" id="4410">
			<top>-100</top>
			<width>2560</width>
			<height>100</height>
			<scrollspeed>20</scrollspeed>
			<scrollout>false</scrollout>
			<pauseatend>7000</pauseatend>
			<font>font10</font>
			<textcolor>white</textcolor>
			<randomize>true</randomize>
			<label>$INFO[ListItem.Art(extrafanart1)]</label>
			<label>$INFO[ListItem.Art(extrafanart2)]</label>
			<label>$INFO[ListItem.Art(extrafanart3)]</label>
			<label>$INFO[ListItem.Art(extrafanart4)]</label>
			<label>$INFO[ListItem.Art(extrafanart5)]</label>
			<label>$INFO[ListItem.Art(extrafanart6)]</label>
			<label>$INFO[ListItem.Art(extrafanart7)]</label>
			<label>$INFO[ListItem.Art(extrafanart8)]</label>
			<label>$INFO[ListItem.Art(extrafanart9)]</label>
			<label>$INFO[ListItem.Art(extrafanart10)]</label>
		</control>
		<control type="group">
			<visible>Control.IsVisible(52) | Control.IsVisible(53)</visible>
			<top>-30</top>
			<include>ShowCaseInfoPanel</include>
		</control>
		<control type="group">
			<animation effect="slide" tween="cubic" time="720" start="0,1080" end="0,0">WindowOpen</animation>
			<animation effect="slide" tween="cubic" time="720" end="0,1080" start="0,0">WindowClose</animation>
			<include condition="!Skin.HasSetting(Enable.SlimList)">VideoList</include>
			<include condition="Skin.HasSetting(Enable.SlimList)">SlimVideoList</include>
			<!-- view id = 50 -->
			<include>VideoInfoWall</include>
			<!-- view id = 51 -->
			<include>View_52_Landscape</include>
			<!-- view id = 52 -->
			<include>View_53_ShowCase</include>
			<!-- view id = 53 -->
			<include>VideoTriPanel</include>
			<!-- view id = 55 -->
			<include>Video_56_Posters</include>
			<!-- view id = 56 -->
			<include>PosterShift</include>
			<!-- view id = 57 -->
			<include>BannerWall</include>
			<!-- view id = 58 -->
			<include>View_59_Logo</include>
			<!-- view id = 59 -->
			<include>VideoWall</include>
			<!-- view id = 500 -->
			<include>VideoLowList</include>
			<!-- view id = 501 -->
			<include>VideoEpisode</include>
			<!-- view id = 502 -->
			<include>View_503_Wall</include>
			<!-- view id = 503 -->
			<include>Video_510_BigList</include>
			<!-- view id = 510 -->
			<include>View_591_BigFan</include>
			<!-- view id = 591 -->
		</control>
		<control type="group">
			<visible>Control.IsVisible(52) | Control.IsVisible(53) | Control.IsVisible(500) | Control.IsVisible(55) | Control.IsVisible(56) | Control.IsVisible(57) | Control.IsVisible(58) | Control.IsVisible(59)</visible>
			<visible>!Window.IsActive(addoninformation)</visible>
			<animation effect="slide" tween="cubic" time="720" start="0,806" end="0,0">VisibleChange</animation>
			<include>Window_OpenClose_Animation</include>
			<top>-30</top>
			<control type="group">
				<visible>Control.IsVisible(52) | Control.IsVisible(53)</visible>
				<animation effect="slide" tween="cubic" time="720" start="0,806" end="0,0">VisibleChange</animation>
				<control type="grouplist">
					<left>300</left>
					<top>1010</top>
					<width>1320</width>
					<height>42</height>
					<align>center</align>
					<itemgap>18</itemgap>
					<orientation>horizontal</orientation>
					<control type="label">
						<width>auto</width>
						<height>42</height>
						<aligny>top</aligny>
						<align>center</align>
						<font>font16_title_bold</font>
						<textcolor>white</textcolor>
						<scroll>true</scroll>
						<label>$VAR[FloorLabelVar]</label>
						<textoffsety>-2</textoffsety>
						<textoffsetx>0</textoffsetx>
					</control>
					<control type="image">
						<width>42</width>
						<height>46.5</height>
						<aspectratio>keep</aspectratio>
						<texture>$VAR[UnFocusHDIndicator]</texture>
						<visible>!IsEmpty(ListItem.VideoResolution)</visible>
					</control>
				</control>
				<control type="group">
					<left>300</left>
					<top>1010</top>
					<control type="label">
						<left>0</left>
						<top>45</top>
						<width>1320</width>
						<height>30</height>
						<align>center</align>
						<font>font13_title</font>
						<textcolor>white</textcolor>
						<label>$VAR[FloorSubLabelVar]</label>
						<textoffsetx>30</textoffsetx>
					</control>
				</control>
				<control type="group">
					<left>0</left>
					<top>1010</top>
					<width>FullScreenWidth</width>
					<align>center</align>
					<visible>[Container.Content(movies) | Container.Content(tvshows) | Container.Content(seasons) | Container.Content(episodes)]</visible>
					<control type="image">
						<left>120</left>
						<include>MediaFlagVars</include>
						<texture fallback="flags/studios/default-studio.png">$VAR[StudioFlagPathVar]$INFO[ListItem.Studio,,.png]</texture>
					</control>
					<control type="image">
						<left>1675</left>
						<colordiffuse>white</colordiffuse>
						<include>MediaFlagVars</include>
						<texture fallback="flags/mpaa/NR.png">$VAR[RatingFlagVar]</texture>
					</control>
				</control>
				<control type="group">
					<left>0</left>
					<top>1010</top>
					<width>FullScreenWidth</width>
					<align>center</align>
					<visible>Container.Content(musicvideos)</visible>
					<control type="image">
						<left>120</left>
						<colordiffuse>white</colordiffuse>
						<include>MediaFlagVars</include>
						<texture>$VAR[ListItemAudioCodecPlusFilenameFlags,flags/audio/,.png]</texture>
					</control>
					<control type="image">
						<left>1675</left>
						<colordiffuse>white</colordiffuse>
						<include>MediaFlagVars</include>
						<texture>$VAR[SourceFlagVar,flags/video/,.png]</texture>
						<visible>!IsEmpty(ListItem.VideoCodec)</visible>
					</control>
				</control>
			</control>
			<control type="group">
				<visible>Control.IsVisible(500) | Control.IsVisible(55) | Control.IsVisible(56) | Control.IsVisible(57)</visible>
				<animation effect="slide" start="0" end="40" time="720" tween="cubic" easing="inout" condition="Control.IsVisible(57)">Conditional</animation>
				<animation effect="slide" start="0" end="60" time="720" tween="cubic" easing="inout" condition="Control.IsVisible(55)">Conditional</animation>
				<animation effect="slide" start="0,0" end="80,15" time="720" tween="cubic" easing="inout" condition="Control.IsVisible(56)">Conditional</animation>
				<animation effect="slide" tween="cubic" time="720" start="0,806" end="0,0">VisibleChange</animation>
				<visible>[Container.Content(movies) | Container.Content(tvshows) | Container.Content(seasons) | Container.Content(episodes)]</visible>
				<control type="group">
					<left>90</left>
					<top>1010</top>
					<visible>![Control.IsVisible(56) | Control.IsVisible(55)]</visible>
					<include>VisibleFadeEffect</include>
					<control type="label">
						<left>0</left>
						<top>0</top>
						<width>1150</width>
						<height>42</height>
						<aligny>top</aligny>
						<align>left</align>
						<font>font16_title_bold</font>
						<textcolor>white</textcolor>
						<scroll>true</scroll>
						<label>$INFO[ListItem.Label]</label>
						<textoffsety>-2</textoffsety>
						<textoffsetx>30</textoffsetx>
					</control>
					<control type="label">
						<left>0</left>
						<top>45</top>
						<width>1100</width>
						<height>30</height>
						<align>left</align>
						<font>font13_title</font>
						<textcolor>white</textcolor>
						<label>$VAR[FloorSubLabelVar]</label>
						<textoffsetx>30</textoffsetx>
					</control>
				</control>
				<control type="group">
					<left>1444</left>
					<top>1000</top>
					<width>1840</width>
					<height>90</height>
					<orientation>horizontal</orientation>
					<include>VisibleFadeEffect</include>
					<visible>Container.Content(tvshows) | Container.Content(seasons)</visible>
					<control type="image">
						<left>32</left>
						<width>198</width>
						<include>MediaFlagVars</include>
						<texture fallback="flags/studios/default-studio.png">$VAR[StudioFlagPathVar]$INFO[ListItem.Studio,,.png]</texture>
					</control>
					<control type="image">
						<left>230</left>
						<include>MediaFlagVars</include>
						<texture fallback="flags/mpaa/NR.png">$VAR[RatingFlagVar]</texture>
					</control>
				</control>
				<control type="group">
					<left>1246</left>
					<top>1000</top>
					<width>1840</width>
					<height>90</height>
					<include>VisibleFadeEffect</include>
					<visible>![Container.Content(tvshows) | Container.Content(seasons) | Control.IsVisible(55)]</visible>
					<control type="image">
						<left>32</left>
						<include>MediaFlagVars</include>
						<texture>$INFO[ListItem.VideoResolution,flags/resolution/,.png]</texture>
						<visible>!IsEmpty(ListItem.VideoResolution)</visible>
					</control>
					<control type="image">
						<left>230</left>
						<include>MediaFlagVars</include>
						<texture>$VAR[ListItemAudioCodecPlusFilenameFlags,flags/audio/,.png]</texture>
						<visible>!IsEmpty(ListItem.AudioCodec)</visible>
					</control>
					<control type="image">
						<left>428</left>
						<include>MediaFlagVars</include>
						<texture>$VAR[SourceFlagVar,flags/video/,.png]</texture>
						<visible>!IsEmpty(ListItem.VideoCodec)</visible>
					</control>
				</control>
				<control type="group">
					<left>1330</left>
					<top>1000</top>
					<width>1815</width>
					<height>90</height>
					<include>VisibleFadeEffect</include>
					<visible>![Container.Content(tvshows) | Container.Content(seasons)] + Control.IsVisible(55)</visible>
					<control type="image">
						<left>0</left>
						<include>MediaFlagVars</include>
						<texture>$INFO[ListItem.VideoResolution,flags/resolution/,.png]</texture>
						<visible>!IsEmpty(ListItem.VideoResolution)</visible>
					</control>
					<control type="image">
						<left>175</left>
						<include>MediaFlagVars</include>
						<texture>$VAR[ListItemAudioCodecPlusFilenameFlags,flags/audio/,.png]</texture>
						<visible>!IsEmpty(ListItem.AudioCodec)</visible>
					</control>
					<control type="image">
						<left>350</left>
						<include>MediaFlagVars</include>
						<texture>$VAR[SourceFlagVar,flags/video/,.png]</texture>
						<visible>!IsEmpty(ListItem.VideoCodec)</visible>
					</control>
				</control>
			</control>
			<control type="image">
				<left>0</left>
				<top>970</top>
				<width>FullScreenWidth</width>
				<height>140</height>
				<texture border="1">gradient_floor.png</texture>
				<animation effect="slide" start="0,0" end="0,15" time="720" tween="cubic" easing="inout" condition="Control.IsVisible(56)">Conditional</animation>
			</control>
		</control>
		<include>UpDownShadow</include>
		<include>ScrollOffsetLabel</include>
		<include>Topbar</include>
		<control type="group">
			<left>-440</left>
			<include>SideBladeLeft</include>
			<control type="grouplist" id="9050">
				<include>MediaMenuTop</include>
				<control type="button" id="6051">
					<description>Show Info Toggle</description>
					<textwidth>255</textwidth>
					<include>ButtonCommonValues</include>
					<label>$LOCALIZE[31018]</label>
					<label2>[COLOR labelheader]$VAR[InfoPanelLabelVar][/COLOR]</label2>
					<onclick condition="Control.IsVisible(52)">$VAR[52VideoInfoPanelVar]</onclick>
					<onclick condition="Control.IsVisible(53)">$VAR[53VideoInfoPanelVar]</onclick>
					<visible>Control.IsVisible(52) | Control.IsVisible(53)</visible>
				</control>
				<control type="togglebutton" id="6053">
					<description>LowList Toggle</description>
					<textwidth>255</textwidth>
					<include>ButtonCommonValues</include>
					<label>$LOCALIZE[31093]</label>
					<onclick>Skin.ToggleSetting(nohighlist)</onclick>
					<onclick>ReloadSkin()</onclick>
					<visible>Control.IsVisible(501)</visible>
				</control>
				<control type="togglebutton" id="6099">
                     <description>Enable showcase Covers</description>
                     <textwidth>255</textwidth>
                     <include>ButtonCommonValues</include>
                     <label>Toggle CaseCovers</label>
                     <onclick>Skin.ToggleSetting(toggleshowcasecovers)</onclick>
                     <visible>Control.IsVisible(53) + Container.Content(movies)</visible>
                 </control>
				<control type="button" id="201">
					<description>View options</description>
					<textwidth>352</textwidth>
					<font>font13_title</font>
					<include>ButtonCommonValues</include>
					<label>31026</label>
					<enable>no</enable>
					<disabledcolor>themecolor</disabledcolor>
				</control>
				<control type="button" id="10">
					<description>Watched Toggle</description>
					<textwidth>255</textwidth>
					<include>ButtonCommonValues</include>
					<label>20367</label>
					<label2>[COLOR themecolor]$INFO[Container.NumItems][/COLOR]</label2>
				</control>
				<control type="button" id="8">
					<description>Search</description>
					<include>ButtonCommonValues</include>
					<label>137</label>
					<onclick>ClearProperty(MediaMenu,Home)</onclick>
					<onclick>SetFocus(50)</onclick>
				</control>
				<control type="edit" id="19">
					<visible>Container.CanFilter + !Container.CanFilterAdvanced</visible>
					<description>Filter</description>
					<textwidth>345</textwidth>
					<include>ButtonCommonValues</include>
					<label>587</label>
				</control>
				<control type="radiobutton" id="98">
					<visible>Container.CanFilterAdvanced</visible>
					<description>Filter</description>
					<include>ButtonCommonValues</include>
					<label>587</label>
					<selected>Container.Filtered</selected>
					<onclick>ClearProperty(MediaMenu,Home)</onclick>
					<onclick>SetFocus(50)</onclick>
					<onclick>Filter</onclick>
				</control>
				<control type="radiobutton" id="16">
					<description>PartyMode</description>
					<label>589</label>
					<include>ButtonCommonValues</include>
					<visible>Container.Content(MusicVideos)</visible>
				</control>
				<control type="radiobutton" id="11">
					<description>Unlock Shares</description>
					<textwidth>255</textwidth>
					<include>ButtonCommonValues</include>
					<label>20336</label>
					<onclick>xbmc.mastermode</onclick>
					<selected>system.ismaster</selected>
					<visible>system.haslocks</visible>
				</control>
				<control type="button" id="203">
					<description>View options</description>
					<textwidth>352</textwidth>
					<font>font13_title</font>
					<include>ButtonCommonValues</include>
					<label>31039</label>
					<enable>no</enable>
					<disabledcolor>themecolor</disabledcolor>
				</control>
				<control type="togglebutton" id="20">
					<description>Update library</description>
					<include>ButtonCommonValues</include>
					<label>653</label>
					<altlabel>13353</altlabel>
					<usealttexture>library.isscanningvideo</usealttexture>
				</control>
				<control type="button" id="612">
					<description>Go to playlist</description>
					<include>ButtonCommonValues</include>
					<label>13350</label>
					<onclick>ActivateWindow(videoplaylist)</onclick>
					<visible>!StringCompare(Playlist.Length(video),0)</visible>
				</control>
			</control>
		</control>
	</controls>
</window>