<?xml version="1.0" encoding="utf-8"?>
<includes>
	<include name="contents591list">
		<posx>-50</posx>
		<posy>425</posy>
		<width>1920</width>
		<height>1080</height>
		<onup>SetProperty(MediaMenu,True,home)</onup>
		<onup>SetFocus(9050)</onup>
		<onleft>591</onleft>
		<onright>591</onright>
		<orientation>horizontal</orientation>
		<viewtype label="BigFan">list</viewtype>
		<pagecontrol>6000</pagecontrol>
		<preloaditems>2</preloaditems>
		<scrolltime tween="quadratic">200</scrolltime>
		<focusposition>1</focusposition>
		<visible>Container.Content(movies) | Container.Content(tvshows) | Container.Content(seasons)</visible>
		<itemlayout width="1080" height="1920">
		</itemlayout>
		<focusedlayout width="1080" height="1920">
			<control type="group">
				<animation type="Visible">
					<effect type="fade" time="120" end="100" />
				</animation>
				<animation type="Hidden">
					<effect type="fade" time="120" start="100" end="0" />
				</animation>
				<animation type="WindowOpen">
					<effect type="fade" time="320" end="100" />
				</animation>
				<animation type="WindowClose">
					<effect type="fade" time="240" start="100" end="0" />
				</animation>
			</control>
		</focusedlayout>
	</include>

	<include name="BigFanList">
		<control type="fixedlist" id="591">
			<include>contents591list</include>
		</control>
	</include>

	<include name="View_591_BigFan">
        <control type="group">
			<include>ViewAnimation</include>
			<include>BigFanList</include>
			<visible>Control.IsVisible(591) + !Window.IsActive(addoninformation)</visible>
			<control type="image">
				<posx>60</posx>
				<posy>680</posy>
				<width>272</width>
				<height>392</height>
				<aspectratio scalediffuse="false">scale</aspectratio>
				<texture background="true" fallback="empty.png">$VAR[PosterThumbVar]</texture>
				<fadetime>200</fadetime>
				<bordertexture border="20">thumbs/thumb_shadow.png</bordertexture>
				<bordersize>20</bordersize>
				<animation effect="fade" delay="240" time="240" reversible="false">Hidden</animation>
				<visible>Control.IsVisible(591) + [Container.Content(tvshows) | Container.Content(movies) | Container.Content(seasons)]</visible>
				<visible>![Container.OnNext | Container.OnPrevious]</visible>
			</control>
			<control type="image">
				<posx>225</posx>
				<posy>698</posy>
				<width>100</width>
				<height>100</height>
				<texture>$VAR[OverlayVar]</texture>
				<aspectratio align="center" aligny="top">keep</aspectratio>
				<bordersize>1</bordersize>
				<visible>!Container.Content(seasons)</visible>
			</control>

			<control type="group">
				<visible>Control.IsVisible(591) + [Container.Content(tvshows) | Container.Content(movies) | Container.Content(seasons)]</visible>
				<control type="group">
					<visible>Container.Content(movies)</visible>
					<control type="group">
						<posx>1320</posx>
						<posy>1000</posy>
						<width>1840</width>
						<height>90</height>
						<include>VisibleFadeEffect</include>
						<control type="image">
							<posx>-300</posx>
							<include>MediaFlagVars</include>
							<colordiffuse>grey</colordiffuse>
							<texture>$VAR[SourceFlagVar,flags/video/,.png]</texture>
							<visible>!IsEmpty(ListItem.VideoCodec)</visible>
						</control>
						<control type="image">
							<posx>-150</posx>
							<include>MediaFlagVars</include>
							<colordiffuse>grey</colordiffuse>
							<texture>$INFO[ListItem.Studio,flags/studios/,.png]</texture>
							<visible>!IsEmpty(ListItem.Studio)</visible>
						</control>
						<control type="image">
							<posx>0</posx>
							<include>MediaFlagVars</include>
							<colordiffuse>grey</colordiffuse>
							<texture>$INFO[ListItem.Mpaa,flags/mpaa/,.png]</texture>
							<visible>!IsEmpty(ListItem.Mpaa)</visible>
						</control>
						<control type="image">
							<posx>150</posx>
							<include>MediaFlagVars</include>
							<colordiffuse>grey</colordiffuse>
							<texture>$INFO[ListItem.VideoAspect,flags/aspectratio/,.png]</texture>
							<visible>!IsEmpty(ListItem.VideoAspect)</visible>
						</control>
						<control type="image">
							<posx>300</posx>
							<include>MediaFlagVars</include>
							<colordiffuse>grey</colordiffuse>
							<texture>$INFO[ListItem.VideoResolution,flags/resolution/,.png]</texture>
							<visible>!IsEmpty(ListItem.VideoResolution)</visible>
						</control>
						<control type="image">
							<posx>450</posx>
							<include>MediaFlagVars</include>
							<colordiffuse>grey</colordiffuse>
							<texture>$INFO[ListItem.AudioCodec,flags/audio/,.png]</texture>
							<visible>!IsEmpty(ListItem.AudioCodec)</visible>
						</control>
					</control>
					<control type="group">
						<control type="label">
							<posx>350</posx>
							<posy>925</posy>
							<width>1250</width>
							<height>42</height>
							<aligny>top</aligny>
							<align>left</align>
							<font>font16</font>
							<textcolor>grey</textcolor>
							<scroll>true</scroll>
							<label>[B]$INFO[ListItem.Label][/B]</label>
							<textoffsety>-2</textoffsety>
							<textoffsetx>30</textoffsetx>
						</control>
						<control type="label">
							<posx>350</posx>
							<posy>1000</posy>
							<width>1100</width>
							<height>30</height>
							<align>left</align>
							<font>font13_title</font>
							<textcolor>grey</textcolor>
							<label>$VAR[FloorSubLabelVar]</label>
							<textoffsetx>30</textoffsetx>
						</control>
						<control type="label">
							<posx>350</posx>
							<posy>1040</posy>
							<width>1100</width>
							<height>30</height>
							<align>left</align>
							<font>font13_title</font>
							<textcolor>grey</textcolor>
							<label>$VAR[VideoSubLabelVar]</label>
							<textoffsetx>30</textoffsetx>
						</control>
					</control>
				</control>
				<control type="group">
					<visible>Container.Content(tvshows)</visible>
					<include>VisibleFadeEffect</include>
					<control type="group">
						<control type="label">
							<posx>350</posx>
							<posy>925</posy>
							<width>1250</width>
							<height>42</height>
							<aligny>top</aligny>
							<align>left</align>
							<font>font16</font>
							<textcolor>grey</textcolor>
							<scroll>true</scroll>
							<label>[B]$INFO[ListItem.Label][/B]</label>
							<textoffsety>-2</textoffsety>
							<textoffsetx>30</textoffsetx>
						</control>
						<control type="label">
							<posx>350</posx>
							<posy>1000</posy>
							<width>1100</width>
							<height>30</height>
							<align>left</align>
							<font>font13_title</font>
							<textcolor>grey</textcolor>
							<label>$VAR[FloorSubLabelVar]</label>
							<textoffsetx>30</textoffsetx>
						</control>
						<control type="label">
							<posx>345</posx>
							<posy>1040</posy>
							<width>1100</width>
							<height>30</height>
							<align>left</align>
							<font>font13</font>
							<textcolor>grey</textcolor>
							<label>$INFO[ListItem.Property(UnWatchedEpisodes),[LOWERCASE] ($LOCALIZE[16101][/LOWERCASE]: ])</label>
							<textoffsetx>30</textoffsetx>
						</control>
					</control>
					<control type="group">
						<posx>1320</posx>
						<posy>1000</posy>
						<control type="image">
							<posx>-300</posx>
							<include>MediaFlagVars</include>
							<texture>$INFO[ListItem.Studio,flags/studios/,.png]</texture>
							<visible>!IsEmpty(ListItem.Studio)</visible>
						</control>
						<control type="group">
							<visible>!IsEmpty(ListItem.Property(TotalSeasons))</visible>
							<control type="label">
								<posx>-150</posx>
								<posy>0</posy>
								<width>150</width>
								<height>60</height>
								<align>center</align>
								<label>[B]$INFO[ListItem.Property(TotalSeasons)][/B]</label>
								<font>font16</font>
								<wrapmultiline>true</wrapmultiline>
								<textcolor>grey</textcolor>
							</control>
							<control type="label">
								<posy>47</posy>
								<posx>-150</posx>
								<width>150</width>
								<height>30</height>
								<align>center</align>
								<label>[LOWERCASE]$VAR[OneOrMoreSeasonsVar][/LOWERCASE]</label>
								<font>font13</font>
								<textcolor>grey</textcolor>
							</control>
						</control>
						<control type="group">
							<visible>!IsEmpty(ListItem.Property(TotalEpisodes))</visible>
							<control type="label">
								<posx>-25</posx>
								<posy>0</posy>
								<width>162.5</width>
								<height>60</height>
								<align>center</align>
								<label>[B]$INFO[ListItem.Property(TotalEpisodes)][/B]</label>
								<font>font16</font>
								<wrapmultiline>true</wrapmultiline>
								<textcolor>grey</textcolor>
							</control>
							<control type="label">
								<posx>-18</posx>
								<posy>47</posy>
								<width>150</width>
								<height>30</height>
								<align>center</align>
								<label>[LOWERCASE]$VAR[OneOrMoreEpisodesVar][/LOWERCASE]</label>
								<font>font13</font>
								<textcolor>grey</textcolor>
							</control>
						</control>
						<control type="label">
							<posx>120</posx>
							<posy>-10</posy>
							<width>200</width>
							<height>30</height>
							<align>center</align>
							<label>$INFO[Window(Home).Property(NextAired.Status)]</label>
							<font>font12</font>
							<textcolor>white</textcolor>
						</control>
						<control type="image">
							<posx>150</posx>
							<posy>-10</posy>
							<colordiffuse>grey2</colordiffuse>
							<include>MediaFlagVars</include>
							<texture>tvguide/$INFO[Window(Home).Property(NextAired.StatusID)].png</texture>
						</control>
						<control type="image">
							<posx>350</posx>
							<posy>-5</posy>
							<width>100</width>
							<height>100</height>
							<colordiffuse>grey2</colordiffuse>
							<include>MediaFlagVars</include>
							<texture fallback="flags/mpaa/NR.png">flags\imdb.png</texture>
						</control>
						<control type="label">
							<posx>325</posx>
							<posy>40</posy>
							<width>150</width>
							<height>30</height>
							<align>center</align>
							<label>$INFO[ListItem.Rating]</label>
							<font>font16</font>
							<textcolor>white</textcolor>
						</control>
						<control type="image">
							<posx>480</posx>
							<colordiffuse>grey2</colordiffuse>
							<include>MediaFlagVars</include>
							<texture fallback="flags/mpaa/NR.png">$VAR[RatingFlagVar]</texture>
						</control>
					</control>
				</control>
				<control type="group">
					<visible>Container.Content(seasons)</visible>
					<include>VisibleFadeEffect</include>
					<control type="group">
						<control type="label">
							<posx>350</posx>
							<posy>925</posy>
							<width>1250</width>
							<height>42</height>
							<aligny>top</aligny>
							<align>left</align>
							<font>font16</font>
							<textcolor>grey</textcolor>
							<scroll>true</scroll>
							<label>[B]$INFO[ListItem.Label][/B]</label>
							<textoffsety>-2</textoffsety>
							<textoffsetx>30</textoffsetx>
						</control>
						<control type="label">
							<posx>350</posx>
							<posy>1000</posy>
							<width>1100</width>
							<height>30</height>
							<align>left</align>
							<font>font13_title</font>
							<textcolor>grey</textcolor>
							<label>$VAR[FloorSubLabelVar]</label>
							<textoffsetx>30</textoffsetx>
						</control>
						<control type="label">
							<posx>345</posx>
							<posy>1040</posy>
							<width>1100</width>
							<height>30</height>
							<align>left</align>
							<font>font13</font>
							<textcolor>grey</textcolor>
							<label>$INFO[ListItem.Property(UnWatchedEpisodes),[LOWERCASE] ($LOCALIZE[16101][/LOWERCASE]: ])</label>
							<textoffsetx>30</textoffsetx>
						</control>
					</control>
					<control type="group">
						<posx>1320</posx>
						<posy>1000</posy>
						<control type="image">
							<posx>-300</posx>
							<include>MediaFlagVars</include>
							<colordiffuse>grey</colordiffuse>
							<texture>$INFO[ListItem.Studio,flags/studios/,.png]</texture>
							<visible>!IsEmpty(ListItem.Studio)</visible>
						</control>
						<control type="group">
							<visible>!IsEmpty(ListItem.Property(UnWatchedEpisodes))</visible>
							<control type="label">
								<posx>-150</posx>
								<posy>-3</posy>
								<width>150</width>
								<height>60</height>
								<align>center</align>
								<label>[B]$INFO[ListItem.Property(UnWatchedEpisodes)][/B]</label>
								<font>font16</font>
								<wrapmultiline>true</wrapmultiline>
								<textcolor>grey</textcolor>
							</control>
							<control type="label">
								<posy>47</posy>
								<posx>-150</posx>
								<width>150</width>
								<height>30</height>
								<align>center</align>
								<label>[LOWERCASE]Unwatched[/LOWERCASE]</label>
								<font>font13</font>
								<textcolor>grey</textcolor>
							</control>
						</control>
						<control type="group">
							<visible>!IsEmpty(ListItem.Property(TotalEpisodes))</visible>
							<control type="label">
								<posx>-25</posx>
								<posy>-3</posy>
								<width>162.5</width>
								<height>60</height>
								<align>center</align>
								<label>[B]$INFO[ListItem.Property(TotalEpisodes)][/B]</label>
								<font>font16</font>
								<wrapmultiline>true</wrapmultiline>
								<textcolor>grey</textcolor>
							</control>
							<control type="label">
								<posx>-18</posx>
								<posy>47</posy>
								<width>150</width>
								<height>30</height>
								<align>center</align>
								<label>[LOWERCASE]$VAR[OneOrMoreEpisodesVar][/LOWERCASE]</label>
								<font>font13</font>
								<textcolor>grey</textcolor>
							</control>
						</control>
						<control type="label">
							<posx>120</posx>
							<posy>-10</posy>
							<width>200</width>
							<height>30</height>
							<align>center</align>
							<label>$INFO[Window(Home).Property(NextAired.Status)]</label>
							<font>font12</font>
							<textcolor>grey</textcolor>
						</control>
						<control type="image">
							<posx>150</posx>
							<posy>-10</posy>
							<colordiffuse>grey</colordiffuse>
							<include>MediaFlagVars</include>
							<texture>tvguide/$INFO[Window(Home).Property(NextAired.StatusID)].png</texture>
						</control>
						<control type="image">
							<posx>480</posx>
							<colordiffuse>grey2</colordiffuse>
							<include>MediaFlagVars</include>
							<texture fallback="flags/mpaa/NR.png">$VAR[RatingFlagVar]</texture>
						</control>
					</control>
				</control>
			</control>
		</control>
    </include>

</includes>